liaison,service,nb_circules,nb_annulation,nb_retard,nb_retard_sup_60,taux_retard,retard_moyen,taux_sup_60,taux_annulation,cause_Externe,cause_Infrastructure,cause_Gestion trafic,cause_Matériel roulant,cause_Gestion gare,cause_Voyageurs
ITALIE → PARIS LYON,INTERNATIONAL,6702,309,2190,270,32.67681289167413,38.687512243829225,4.028648164726947,4.4073598630723145,29.115644669362652,14.501051882520958,37.41872711052717,13.856817919280878,2.5992219329448174,2.5085364853635315
CHAMBERY CHALLES LES EAUX → PARIS LYON,NATIONAL,21185,719,5718,617,26.990795374085437,33.70887839580033,2.9124380457871135,3.2825054784514243,27.734671275995982,18.02981306471227,36.477950375143045,11.432364775137556,2.9299750441019907,3.395225464909167
MACON LOCHE → PARIS LYON,NATIONAL,21730,707,5683,552,26.15278416935113,31.754000234705615,2.540266912103083,3.1510451486384095,25.466981273579737,17.621294062368708,36.54648219756481,12.344549437947098,3.6566837104257037,4.364009318113931
LYON PART DIEU → LILLE,NATIONAL,27861,1231,7255,1036,26.039984207314887,36.667700112156766,3.718459495351926,4.231403822356661,18.63972708506697,17.271379617595688,27.752244953278222,16.15174835822424,8.378712225028773,11.806187760806111
LYON PART DIEU → MARNE LA VALLEE,NATIONAL,30120,1331,7541,874,25.036520584329345,32.44035515440594,2.901726427622842,4.231979905249435,16.317693975560317,17.027004406317864,29.692127713323874,16.78110162254142,9.54497297391715,10.637099308339376
PARIS EST → STUTTGART,INTERNATIONAL,12023,434,2763,311,22.98095317308492,35.243258887982385,2.5867088081177743,3.4839849080838086,43.51649079679258,8.56849117380094,19.07816130515884,18.356300865011413,5.9137464524035925,4.566809406832636
LYON PART DIEU → MARSEILLE ST CHARLES,NATIONAL,43800,1741,9732,1476,22.21917808219178,36.584316550978755,3.3698630136986303,3.8229287894424804,21.050014340271865,18.073199438841545,26.22702467923971,16.803123799158275,6.334514196580013,11.512123545908585
DOUAI → PARIS NORD,NATIONAL,16303,774,3568,167,21.885542538183156,18.43215153257156,1.0243513463779672,4.532412016162089,13.677678298139773,24.53196044999519,37.19730123176728,12.475784921722033,8.809367719317489,3.3079073790582365
ARRAS → PARIS NORD,NATIONAL,40284,1795,8730,464,21.67113494191242,19.613713249238376,1.1518220633502136,4.265785783882697,13.871141816402591,25.088029966167063,33.31544322499965,14.741378331595154,8.702136205783278,4.281870455052266
MARSEILLE ST CHARLES → LILLE,NATIONAL,18693,697,4048,718,21.655165035039854,42.51728768314322,3.8410100037447172,3.594636410520887,21.27684919497352,17.224521067404265,24.16101217164935,15.97325217707328,9.280602234280483,12.083763154619103
LYON PART DIEU → MONTPELLIER,NATIONAL,23057,1007,4824,687,20.922062714143213,35.265409240270294,2.979572364141042,4.18467420212766,20.164638255457653,22.082647357957878,23.49388429941895,17.472320523012627,7.455238115602038,9.331271448550876
LE MANS → PARIS MONTPARNASSE,NATIONAL,41681,1214,8531,764,20.467359228425423,24.77491300818542,1.832969458506274,2.8301666860939503,21.452334867979133,28.857373781893,20.822611850455687,13.945436817241704,6.031536309815135,8.890706372615345
PARIS EST → FRANCFORT,INTERNATIONAL,14662,578,2971,398,20.26326558450416,37.037710888195555,2.7145000682035194,3.7926509186351707,29.359002529272527,12.196000600907665,32.98177658596613,15.35572782010546,6.840912237195938,3.266580226552276
BARCELONA → PARIS LYON,INTERNATIONAL,5627,111,1139,279,20.241691842900302,45.75349112325724,4.958237071263551,1.9344719414430116,40.12607363960312,18.75159642370441,20.72657905643072,13.618909028105875,3.1244737062174845,3.6523681459383908
NIMES → PARIS LYON,NATIONAL,24039,957,4839,849,20.129789092724323,39.86418248280974,3.5317608885560965,3.8286125780124824,29.04673538944504,24.321564190910365,22.736694003856226,12.927084119429349,5.295037478007023,5.67288481835201
ANNECY → PARIS LYON,NATIONAL,13795,470,2759,310,20.0,35.224356651065605,2.247191011235955,3.2947774272695405,28.379266337582763,21.11896296368799,32.5678661380042,11.837157928290637,3.0895595905398934,3.00718704189452
VALENCE ALIXAN TGV → PARIS LYON,NATIONAL,34615,1000,6835,1100,19.745774953055033,38.638152275070965,3.1778130868120757,2.807805699845571,28.022291217665295,21.66809711616397,23.929237423347324,14.029447382058184,5.9155363166574775,6.43539054410774
MARSEILLE ST CHARLES → TOURCOING,NATIONAL,2437,76,464,111,19.03980303652031,46.90517241349353,4.554780467788264,3.0242737763629126,21.68642241399481,14.762931034623723,20.985991379062693,10.39870689671928,18.202227011209153,13.963721264390339
MARNE LA VALLEE → LYON PART DIEU,NATIONAL,34572,1257,6523,869,18.867869952562767,34.51023041274814,2.5135948166146016,3.5083312400569366,16.429452672291227,16.87012823398968,19.049315484823754,26.86862443269366,12.254084379593232,8.528394796608438
LILLE → MARSEILLE ST CHARLES,NATIONAL,20295,657,3781,794,18.630204483863018,44.37974563190139,3.912293668391229,3.1357388316151202,21.592241511388224,16.860633244777112,19.374779276063226,19.319008055556957,9.314441842637317,13.538896069577175
ST PIERRE DES CORPS → PARIS MONTPARNASSE,NATIONAL,44109,1420,8166,445,18.51322859280419,20.232140629481044,1.0088644040898682,3.1188912561224713,15.455546067832223,23.95567056065997,28.69199411114012,14.463718009519924,6.108338943585784,11.324732307261979
METZ → PARIS EST,NATIONAL,27744,743,5061,405,18.241782006920417,24.46790752681362,1.4597750865051904,2.608207252430933,15.893688055712751,15.177398422212937,35.75757182989496,14.980997528822323,11.012791968844725,7.17755219451229
MARNE LA VALLEE → MARSEILLE ST CHARLES,NATIONAL,25536,865,4639,992,18.166510025062657,45.91213878762498,3.8847117794486214,3.27639104579372,21.068674968554475,17.162042399313457,18.711581847753493,21.509815148884538,8.816972095883864,12.730913539610178
STUTTGART → PARIS EST,INTERNATIONAL,12307,368,2224,295,18.071016494677824,36.24191053446913,2.397009831803039,2.903353057199211,13.985273155582867,11.615171256200794,43.76491124390605,14.677018466156042,7.138218348535487,8.819407529618774
FRANCFORT → PARIS EST,INTERNATIONAL,14355,625,2578,349,17.958899338209683,38.9025539541421,2.43120863810519,4.172229639519359,16.085864980519492,13.721544313961925,46.13304979032486,14.770723903234387,4.761307009402475,4.52751000255685
PARIS LYON → CHAMBERY CHALLES LES EAUX,NATIONAL,21003,625,3756,507,17.88315954863591,35.19691411391464,2.41394086559063,2.889772517107453,15.803413369609318,22.086557304945213,27.361813067825487,26.332094604964627,5.262686882557386,3.153434770097969
POITIERS → PARIS MONTPARNASSE,NATIONAL,41851,1500,7451,529,17.803636711189696,23.891428488783042,1.2640080284819957,3.460127794053194,17.87731426268922,30.63141908384691,22.103808612810045,14.358702273635732,4.59409441943316,10.434661347584932
MARSEILLE ST CHARLES → MARNE LA VALLEE,NATIONAL,25530,918,4496,845,17.610654132393265,43.34256344141555,3.309831570701136,3.470961887477314,21.01949170188668,17.50340392752789,23.3350334745308,16.23006995825483,11.830877984689831,10.081122953109956
PARIS LYON → ITALIE,INTERNATIONAL,6678,234,1172,284,17.550164719976042,50.33847411912969,4.252770290506139,3.3854166666666665,18.945386816247826,18.618885366759415,21.587141428994244,34.19402949308797,4.191837038832373,2.4627198560781816
PERPIGNAN → PARIS LYON,NATIONAL,18543,679,3224,748,17.386614895108664,49.32380476031389,4.033867227525212,3.5324107793153674,34.77366558697591,21.447577498661204,21.145775205726675,12.366300876473009,4.773818442460074,5.492862389703136
LE CREUSOT MONTCEAU MONTCHANIN → PARIS LYON,NATIONAL,20539,434,3553,245,17.298797409805736,22.58331457012909,1.1928526218413749,2.069327230248415,12.80029025819394,15.753303020148854,29.29865170763574,15.056896957383737,10.628970217770197,16.46188783886752
PARIS LYON → BELLEGARDE (AIN),NATIONAL,21351,537,3680,469,17.235726663856493,34.13682518126657,2.196618425366493,2.4533991228070176,23.577448350624223,22.484403084779895,17.30951095067613,20.513345166520498,11.950078445541482,4.165214001857772
MONTPELLIER → LYON PART DIEU,NATIONAL,19162,986,3285,464,17.143304456737294,34.75470260250981,2.4214591378770485,4.893785983720469,21.965898633904512,21.753906980430266,24.847738999407827,13.21415403127572,10.097716987909305,8.120584367072361
LILLE → LYON PART DIEU,NATIONAL,30246,1107,5184,772,17.13945645705217,36.852564699742,2.552403623619652,3.5307626064491435,16.92109721478922,16.247399629542798,18.127109426062955,27.255511458607913,12.909477585006169,8.539404685990954
TOURS → PARIS MONTPARNASSE,NATIONAL,16039,580,2743,101,17.102063719683272,17.5300461777363,0.6297150695180498,3.4899813466514233,12.632050226591673,22.72032213599332,35.968177879326284,15.488985589422876,4.236968110886962,8.953496057778871
STRASBOURG → PARIS EST,NATIONAL,50827,1277,8574,960,16.868986955751865,32.63188045700782,1.8887599110708875,2.4508674957776755,16.59902718655228,13.101015252660797,37.419432804058935,15.527431513494019,8.75797275973319,8.595120483500782
NICE VILLE → PARIS LYON,NATIONAL,21022,610,3533,880,16.80620302540196,51.01093132398332,4.186090762058796,2.819896449704142,28.618372315272595,24.5918540325834,19.96424087726896,12.258286733395595,7.712500995797296,6.854745045682158
MONTPELLIER → PARIS LYON,NATIONAL,24096,961,3972,853,16.48406374501992,46.335394199132764,3.540006640106242,3.8352556171928,30.84933058797678,24.83048985143526,19.276499510168335,14.03006991604003,5.310028401320887,5.703581733058712
PARIS NORD → DOUAI,NATIONAL,13591,575,2237,177,16.45942167610919,23.426806735292505,1.302332425870061,4.059014541860793,16.556965206438495,17.42613369858468,23.162036639250143,23.34531227068358,13.769627767970421,5.739924417072678
LAVAL → PARIS MONTPARNASSE,NATIONAL,23856,563,3922,363,16.440308517773307,25.635167588528706,1.5216297786720323,2.3055817191531185,21.390449721351786,26.578435029046375,20.359186251547268,15.623627092771319,6.715767553867304,9.33253435141594
TOULOUSE MATABIAU → PARIS MONTPARNASSE,NATIONAL,18520,558,3010,717,16.25269978401728,53.85619223744471,3.8714902807775378,2.924834888353077,32.684356506081194,30.26008066546832,10.443178785377002,11.609075544114718,7.114562783256457,7.888745715702317
ANGOULEME → PARIS MONTPARNASSE,NATIONAL,27299,965,4430,450,16.227700648375396,32.43884207135764,1.6484120297446794,3.4142371921879424,21.435625709446786,29.22097366884436,17.55897592419032,13.738655367526114,6.359442998206955,11.686326331785489
TOULON → PARIS LYON,NATIONAL,26233,768,4256,1042,16.223840201273205,50.06805641588842,3.9720962146914194,2.8443390985519055,28.197591057658077,25.060736396221323,19.730137750850165,12.633742601542522,7.588710091912463,6.789082101815447
LILLE → PARIS NORD,NATIONAL,57392,2000,9261,606,16.13639531642041,21.05987458927195,1.0558962921661557,3.3674568965517246,16.280245803504993,22.230218767580798,26.31639944797626,15.671768703200058,13.756169231114084,5.745198046623813
RENNES → PARIS MONTPARNASSE,NATIONAL,69452,2201,11199,1152,16.12480562114842,28.599184445209826,1.6586995334907564,3.0717485660056103,23.712640526596868,27.883725675192572,17.24416771393259,17.26343199456675,5.57559829372768,8.320435795983537
PARIS LYON → NICE VILLE,NATIONAL,20795,642,3327,807,15.999038230343832,50.480425952728226,3.880740562635249,2.9948220366655782,27.88513923499724,22.159697626889617,18.214163201690614,18.652670277945003,5.735805009251972,7.352524649225563
AVIGNON TGV → PARIS LYON,NATIONAL,43567,1064,6944,1144,15.938669176211354,37.46315709223595,2.625840659214543,2.38399318859089,22.11719054518502,22.194799712850305,25.148588073090934,14.654947790639303,7.720162913044155,8.164310965190268
BORDEAUX ST JEAN → PARIS MONTPARNASSE,NATIONAL,88564,3136,14051,2094,15.865362901404634,39.00571147582354,2.3643918522198635,3.419847328244275,29.107166354989257,28.037005989001113,14.538770181672747,13.205151446618144,5.843165551198884,9.268740476519854
PARIS LYON → PERPIGNAN,NATIONAL,18307,640,2903,722,15.857322335718576,49.91491689116257,3.943846616048506,3.37784345806724,25.635152734064544,22.812441044866812,18.293419803635523,24.68556410219394,3.696925598291915,4.876496716947266
MARSEILLE ST CHARLES → LYON PART DIEU,NATIONAL,43217,1612,6702,933,15.50778628780341,34.314172399121574,2.158872665849087,3.5958865912690445,20.637057528951374,17.91886358588751,26.882986754467343,15.022667707568107,9.145961258616033,10.392463164509627
PARIS LYON → NIMES,NATIONAL,22891,836,3483,571,15.215586911886767,38.03759132952152,2.4944301253767858,3.523412146499768,18.60795396992112,17.587715390306307,16.07536861778122,35.72221513998468,7.054170175843802,4.952576706162879
LYON PART DIEU → RENNES,NATIONAL,8097,269,1229,263,15.178461158453748,46.964971521238404,3.2481165863900205,3.2153956490557016,23.39824668387344,23.2778865448353,20.0483298083334,19.684655717112403,4.788331747315115,8.802549498530338
ANGERS SAINT LAUD → PARIS MONTPARNASSE,NATIONAL,47112,1344,7138,925,15.151129223976906,31.988910626369066,1.9634063508235693,2.773650321941555,26.458724991208793,27.817870437173507,18.304815638197606,13.003371143888106,5.996746226656316,8.418471562875668
PARIS LYON → GRENOBLE,NATIONAL,19231,636,2838,451,14.757422910925069,38.93869059848149,2.3451718579377046,3.2012885689837423,18.664668374295513,23.28984374774889,21.460915798158382,25.3079677712234,7.822163083404147,3.4544412251696763
VANNES → PARIS MONTPARNASSE,NATIONAL,25731,891,3789,532,14.72542847149353,34.954445858009066,2.067544984648867,3.3468559837728193,27.86853254572116,29.479944126268435,13.581696840069277,16.854510737102572,5.485272188112357,6.730043562726216
PARIS LYON → BARCELONA,INTERNATIONAL,5687,125,833,238,14.647441533321611,52.90703051581753,4.184983295234746,2.1507226428079838,22.95915211453254,21.18167327343779,21.90943747272285,25.15849607591717,3.9727126812406164,4.81852838214903
PARIS MONTPARNASSE → VANNES,NATIONAL,24289,932,3554,501,14.632138004858167,35.48789485530787,2.062662110420355,3.6953332540343364,23.02699873945128,22.622247594396452,12.363729949874894,21.09036934252576,8.949104740583856,11.947549633167759
PARIS MONTPARNASSE → TOULOUSE MATABIAU,NATIONAL,18248,636,2665,662,14.604340201665936,51.760580288906006,3.6277948268303377,3.367930523194238,28.863211386390482,29.537712584659516,13.526272154234103,12.83939040654748,5.635504069518236,9.597909398650204
PARIS LYON → TOULON,NATIONAL,26006,872,3771,815,14.500499884642007,46.92889714147957,3.1338921787279856,3.244289009598929,23.03916783179087,18.647037273737244,17.338611782779548,25.08785965962581,7.873059370517871,8.014264081548667
PARIS LYON → ZURICH,INTERNATIONAL,12367,363,1792,292,14.490175466968545,39.94802827369234,2.361122341715857,2.8515318146111546,19.45334042796361,19.891972453756697,21.665869982759347,21.94201880066757,10.742961889907225,6.30383644494556
BORDEAUX ST JEAN → TOURCOING,NATIONAL,2499,120,358,100,14.325730292116848,46.38268156466481,4.001600640256102,4.581901489117984,17.611940298786454,16.43283582086932,24.308457711331897,16.084577114479284,15.761194029641631,9.80099502489141
PARIS LYON → ANNECY,NATIONAL,13916,458,1953,368,14.03420523138833,43.557347670745,2.644438056912906,3.1863086127730624,20.65294700052199,22.13952516217589,20.12731102307735,27.75020093714426,6.392120163540673,2.9378957135398407
PARIS LYON → GENEVE,INTERNATIONAL,19809,500,2750,399,13.882578625877127,38.62981212088497,2.014235953354536,2.4619626766458222,21.83378155537379,24.58824990916031,15.230957450996819,21.431942911529863,12.603049083077586,4.3120190898616295
BELLEGARDE (AIN) → PARIS LYON,NATIONAL,21822,569,2978,473,13.646778480432593,36.67782068482404,2.1675373476308315,2.541199589120629,28.082755969968844,23.729022810668532,25.487908372040874,11.706023018483737,6.442763581445296,4.55152624739272
PARIS MONTPARNASSE → LAVAL,NATIONAL,24408,602,3316,311,13.585709603408718,25.69864822038099,1.2741724024909866,2.4070371851259496,16.5544663186094,18.969536953576778,19.189279528492122,24.953804482070574,9.64936696037996,10.68354575687118
PARIS LYON → VALENCE ALIXAN TGV,NATIONAL,34406,1017,4646,711,13.503458699064117,37.04175822569935,2.066500029064698,2.871016006549417,13.41304085751621,15.531940902951394,17.832661827821738,38.125942380583325,9.718217887267224,5.378196143860111
PARIS LYON → SAINT ETIENNE CHATEAUCREUX,NATIONAL,9915,575,1330,132,13.41401916288452,29.752556391018295,1.3313161875945536,5.48141086749285,20.819972008043937,16.354066985554894,23.591779774501912,20.15253230480523,12.406901995048262,6.6747469320457675
PARIS LYON → AVIGNON TGV,NATIONAL,42736,886,5683,921,13.297922126544364,38.2630671184873,2.155091725945339,2.031085232222273,18.54242623095221,16.38565513149407,18.8707703633571,28.73640839270653,11.499706051210806,5.9650338302792845
PARIS LYON → MONTPELLIER,NATIONAL,22864,841,3032,640,13.261021693491953,45.19936759773239,2.7991602519244227,3.547774731069395,22.303484569513326,21.578342961761187,13.495935582079705,31.649103530202822,6.003531488569483,4.969601867873492
PARIS MONTPARNASSE → TOURS,NATIONAL,16148,594,2139,137,13.24622244240773,21.371583295163628,0.8484022789199901,3.5479632063074904,17.466048764054015,17.045912913002436,25.12907653200596,24.69400409656792,7.890363637379956,7.774594056989715
SAINT ETIENNE CHATEAUCREUX → PARIS LYON,NATIONAL,10000,320,1324,132,13.239999999999998,29.99006797551234,1.32,3.10077519379845,16.03459987207753,21.582873186259388,26.228677402260388,20.402250699256278,10.274789072602132,5.476809767544284
PARIS NORD → LILLE,NATIONAL,56798,1978,7500,643,13.204690305996692,24.67360834607531,1.1320821155674496,3.36531917789574,20.64312922811268,16.394204962336975,20.853483639035808,20.690232035565025,12.787138919993984,8.631811214955524
GRENOBLE → PARIS LYON,NATIONAL,18315,600,2407,365,13.142233142233142,37.27773752684876,1.9929019929019929,3.1720856463124503,21.265372902708112,26.22150359268261,27.265840150693045,14.080479510834351,7.023629650462851,4.143174192619038
NANTES → PARIS MONTPARNASSE,NATIONAL,54684,1698,7026,1225,12.848365152512617,38.83496583654423,2.240143369175627,3.011599446631904,28.996865868071797,26.963530912596717,16.619002909365744,12.82091887863938,6.426984395754262,8.172697035572103
PARIS NORD → ARRAS,NATIONAL,39699,1752,5023,458,12.65271165520542,24.449256752223242,1.1536814529333232,4.226677281609612,18.304451943015046,14.722395524477722,20.463675068423477,21.888958259178306,15.404112714559162,9.21640649034628
PARIS EST → METZ,NATIONAL,26300,678,3307,349,12.574144486692015,27.5615836391681,1.326996197718631,2.5131588701905256,18.867823177313763,14.740667933542307,18.58943556535788,26.54918184068683,14.617543510812126,6.635347972287099
PARIS MONTPARNASSE → LE MANS,NATIONAL,42764,1202,5291,433,12.3725563558133,23.34895170525336,1.0125339070246,2.7339307646817996,17.01101487683407,18.29032421147283,22.760670195254022,24.79922187565785,10.365140640046544,6.773628200734666
STRASBOURG → NANTES,NATIONAL,4857,149,600,130,12.353304508956146,46.06858333341667,2.6765493102738316,2.976428286056732,34.40764143229779,21.15056471307815,17.075752950684027,15.413527676367409,3.50727513241471,8.44523809515794
PARIS MONTPARNASSE → ST PIERRE DES CORPS,NATIONAL,44368,1492,5476,410,12.342228633249189,22.95615619448878,0.924089433826181,3.253379851722634,15.723223681171367,17.477740896240025,22.60379685326738,24.900116975306577,10.760543772418462,8.534577821596203
PARIS MONTPARNASSE → ANGERS SAINT LAUD,NATIONAL,45805,1237,5595,589,12.214823709202053,29.9182035195534,1.285885820325292,2.629565069512351,23.831067301727714,19.345390265683545,19.07704446978158,18.710554785082916,9.30260330636207,9.73333987136218
PARIS LYON → LAUSANNE,INTERNATIONAL,13216,486,1608,219,12.167070217917676,38.33167097215796,1.6570823244552058,3.546927455845862,20.917651315013025,24.643558744356216,20.821865390988815,21.095423952420173,8.618344333946158,3.9031562632756223
ST MALO → PARIS MONTPARNASSE,NATIONAL,9119,204,1100,113,12.062726176115802,30.437664141827277,1.2391709617282598,2.1881368658157245,21.644327226173008,31.449192726406928,14.412930934117735,19.74127364769956,4.5847946615597115,8.167480804043054
NANTES → STRASBOURG,NATIONAL,4940,141,595,163,12.044534412955466,49.78047619086555,3.2995951417004052,2.7750442826215314,28.04861944750462,20.4213685473629,19.744697879253554,13.970388155267258,3.277310924625337,14.537615045986346
PARIS LYON → MULHOUSE VILLE,NATIONAL,27442,701,3272,563,11.92332920341083,39.37265688725306,2.051599737628453,2.490850300252283,22.453562865828392,19.633897980813458,13.846930530645176,24.67587918606828,12.394003082505694,6.995726354138991
RENNES → LYON PART DIEU,NATIONAL,8390,256,999,219,11.907032181168058,48.459576243318324,2.6102502979737783,2.960906777700671,22.535861980066972,24.955142732850337,17.72588605926534,16.54042931821077,4.90490490502494,13.337775004581632
DUNKERQUE → PARIS NORD,NATIONAL,16764,724,1993,193,11.888570746838463,28.37307241947834,1.1512765449773323,4.139981701738335,21.696226520819035,29.22120849756326,24.688032685702673,14.306622147478201,7.036135751169327,3.051774397267496
AIX EN PROVENCE TGV → PARIS LYON,NATIONAL,40943,912,4867,1127,11.887257895122486,46.91670600399137,2.75260728329629,2.1789511408433877,24.951806991782423,23.1354834965202,18.722110718652036,15.212776252691187,9.340984427489433,8.636838112864712
PARIS MONTPARNASSE → ANGOULEME,NATIONAL,26345,1000,3124,390,11.8580375782881,33.467045342907696,1.480356803947618,3.6569756811117204,19.283313514571123,18.432745029256825,15.907459692915996,20.24505407777271,14.293068364863643,11.838359320619704
MARSEILLE ST CHARLES → PARIS LYON,NATIONAL,47683,963,5652,1327,11.853281043558502,48.179970166382546,2.7829624813874965,1.9796077786457262,26.877938288140836,23.072615725131303,17.547669899933325,15.816964886542575,8.14040595623522,8.544405244016724
REIMS → PARIS EST,NATIONAL,20851,549,2433,153,11.668505107668697,20.68134676030196,0.7337777564625197,2.5654205607476634,15.7665727678924,25.994507384463844,24.368849077434998,15.009733747159288,12.423382461360308,6.436954561689161
PARIS MONTPARNASSE → NANTES,NATIONAL,52444,1614,6034,999,11.505605979711692,39.194384687832866,1.9048890244832584,2.9856820452107,30.416078314588223,21.051299627327683,16.55798871151419,16.031763777752175,7.551818877309116,8.391050691508614
LYON PART DIEU → PARIS LYON,NATIONAL,62442,1471,7092,850,11.357739982703949,32.74240555643084,1.3612632522981327,2.3015661915416272,17.263522690908705,18.580492451990203,20.18709741151042,19.320481657173733,11.296074772766328,13.3523310156506
LA ROCHELLE VILLE → PARIS MONTPARNASSE,NATIONAL,20000,662,2266,288,11.33,35.17443100133915,1.44,3.2039492788694224,22.71648917542756,28.517111874001692,17.404005054238294,16.6808640962128,5.498736889483982,9.182792910635667
PARIS LYON → AIX EN PROVENCE TGV,NATIONAL,41909,855,4735,1006,11.298289150301844,45.94797358767044,2.400439046505524,1.999345243662894,20.768133884140873,17.699807705850194,14.329770539176586,29.5595115999243,10.812843120761245,6.829933150146789
PARIS NORD → DUNKERQUE,NATIONAL,17762,801,1965,260,11.062943362233984,34.55547073826616,1.4637991217205268,4.315035285244842,22.418706252882576,24.837075959663665,14.366070785255,22.226536101260354,10.463116827960691,5.688494072977721
TOURCOING → BORDEAUX ST JEAN,NATIONAL,2522,96,279,70,11.06264869151467,48.79683393045161,2.775574940523394,3.6669213139801378,19.580335731555316,25.95923261372891,16.306954436565913,30.59952038360597,2.8776978417173025,4.676258992826588
PARIS MONTPARNASSE → RENNES,NATIONAL,68764,2057,7527,825,10.946134605316736,29.167370427589304,1.1997556861148275,2.9045057257028284,19.113211903537046,19.246038476966785,15.502170719849476,24.604252815502488,12.183918473319407,9.350407610824806
PARIS LYON → LE CREUSOT MONTCEAU MONTCHANIN,NATIONAL,19871,289,2164,179,10.890242061295355,24.10076247649476,0.9008102259574253,1.433531746031746,15.801103637608637,20.60493259790898,20.11503209418089,25.171544215542745,12.653168164420748,5.654219290337991
PARIS MONTPARNASSE → BORDEAUX ST JEAN,NATIONAL,85519,2788,9287,1217,10.85957506519019,34.492721481993165,1.4230755738490861,3.1571676084568607,21.461686427432674,21.506466585768234,12.969755815794864,21.45252071822737,12.307486346008718,10.302084106768143
PARIS EST → REIMS,NATIONAL,20900,536,2263,181,10.82775119617225,24.536956842096185,0.8660287081339714,2.5004665049449524,19.01790809876191,13.509911602257013,18.26092679383199,25.555042509907523,15.346921221397258,8.309289773844307
PARIS LYON → MARSEILLE ST CHARLES,NATIONAL,51383,1141,5561,1223,10.82264562209291,47.29035886903356,2.3801646458945567,2.172340263498591,23.254959101253235,18.781964490683674,13.030298673670243,26.76195693876925,9.990453991005397,8.180366804618208
PARIS MONTPARNASSE → POITIERS,NATIONAL,50733,1766,5456,567,10.75434135572507,28.497697541478548,1.1176157530601383,3.363873597592335,17.332947486754918,19.947353704983,17.563488557056463,23.44650942665125,12.027063130186,9.682637694368383
PARIS LYON → MACON LOCHE,NATIONAL,21430,620,2304,296,10.751283247783482,34.007675058797744,1.3812412505832945,2.811791383219955,12.989307355496083,15.341752932483157,14.317125710743127,39.74972164163869,11.780571416313755,5.821520943325202
MULHOUSE VILLE → PARIS LYON,NATIONAL,28056,718,2914,528,10.38637011690904,37.94402310717136,1.8819503849443968,2.4953082644053657,24.438918397550747,23.461485664458255,26.788422587041204,15.999852914471143,4.287372997886791,5.023947438591865
PARIS MONTPARNASSE → QUIMPER,NATIONAL,23237,978,2386,475,10.268106898480871,45.58402875115713,2.044153720359771,4.038818913896345,30.374288582387305,25.003474536092103,9.10046423341542,18.607905452000313,7.6481799002041315,9.265687295900731
GENEVE → PARIS LYON,INTERNATIONAL,20175,533,2054,422,10.18091697645601,43.93896056459803,2.0916976456009913,2.5738844890863435,27.12632424535594,26.050743565085416,20.551503260681965,14.813265822997163,7.428494877239798,4.029668228639732
NANCY → PARIS EST,NATIONAL,26949,772,2742,314,10.174774574195702,30.821529297633845,1.1651638279713532,2.7848923199018794,21.793701828256747,22.77169491790604,21.377235406793172,18.971031542245733,8.637104672621703,6.449231632176594
PARIS LYON → BESANCON FRANCHE COMTE TGV,NATIONAL,15509,438,1565,265,10.090914952608163,37.06642172566134,1.7086852795151202,2.7465981062268767,20.159694572454192,18.79250568363511,15.394252409389017,28.62489270041554,11.353679626828347,5.674975007277799
DIJON VILLE → PARIS LYON,NATIONAL,35853,914,3613,675,10.077259922461161,38.439353261837255,1.882687641201573,2.485924878287595,22.759154772748033,26.447672127308103,25.53270709591267,16.11096421381433,5.194218113042945,3.9552836771739215
PARIS MONTPARNASSE → ST MALO,NATIONAL,9376,365,942,116,10.04692832764505,33.33996815291932,1.2372013651877134,3.7470485576429526,22.637164883666212,28.741069547716503,12.319199055888513,21.122093113963118,7.041064447145881,8.139408951619773
QUIMPER → PARIS MONTPARNASSE,NATIONAL,23694,864,2341,465,9.880138431670465,44.104211882446606,1.96252215750823,3.518201807964818,33.050185974012244,29.248367442281477,9.626066613959901,16.6736756053887,5.688024905147131,5.71367945921053
PARIS EST → STRASBOURG,NATIONAL,52268,1310,5145,790,9.84349889033443,37.83278072487913,1.511441034667483,2.445033409235134,21.635428749776104,13.126709857668734,10.235198771413547,32.85942151274362,13.753901185048404,8.389339923349585
PARIS MONTPARNASSE → LA ROCHELLE VILLE,NATIONAL,20453,707,1942,314,9.49493961766,37.60152863090554,1.5352271060480125,3.341209829867675,23.34523756648535,20.76908313900985,14.354567839501687,20.829288731429422,8.402782479209842,12.29904024436385
PARIS LYON → DIJON VILLE,NATIONAL,36702,952,3324,560,9.05672715383358,37.24171680745167,1.525802408588088,2.5282838476655867,17.003127321629606,18.62073565403592,12.088772587694681,32.889774791501196,14.21770052668495,5.179889118453638
BREST → PARIS MONTPARNASSE,NATIONAL,25095,848,2270,398,9.045626618848376,43.570003098163944,1.585973301454473,3.2687044674864127,31.639814321565517,28.24680144648031,10.913555390058963,18.00026965367302,4.950446921496253,6.249112266725952
PARIS MONTPARNASSE → BREST,NATIONAL,23904,961,2138,374,8.944109772423026,44.79878937583153,1.5645917001338687,3.864870299617937,27.97455329435393,23.124477144913328,10.307383037851688,20.706211384443545,8.10743618836065,9.779938950076854
ZURICH → PARIS LYON,INTERNATIONAL,13055,317,1146,249,8.778245882803523,42.574141943170154,1.907315204902336,2.370625186957822,27.0546737411617,20.22563993389194,28.088553232400336,15.559135367260948,4.296740084828342,4.775257640456733
LAUSANNE → PARIS LYON,INTERNATIONAL,13070,387,1106,260,8.462127008416221,47.653149873584084,1.9892884468247896,2.8758267072898867,25.543288756734245,26.848599988875467,24.120232086299946,13.55457574441637,5.63624071928825,4.297062704385728
PARIS LYON → LYON PART DIEU,NATIONAL,60889,1444,5031,812,8.262576163182183,37.83141983913539,1.3335742088061884,2.3165899282883866,18.524737277643162,20.971044492943474,15.630164048899154,24.355318772089404,14.25247374940356,6.266261659021232
BESANCON FRANCHE COMTE TGV → PARIS LYON,NATIONAL,16432,475,1357,294,8.25827653359299,41.82031441934414,1.7891918208373905,2.8094871946531024,23.683491445464718,29.785384761808466,17.348304258301066,20.03937739172659,4.812925345371394,4.330516797327753
PARIS EST → NANCY,NATIONAL,26684,747,2203,320,8.255883675610853,35.48317373574474,1.199220506670664,2.723196383653531,22.079711901776083,15.623745659089597,15.339977156324474,28.267432619456123,11.340572327733685,7.348560335620053
